accommodation_id,avg_occupancy_rate
A001,0.6213333333333334
A002,0.5733333333333334
A003,0.7553333333333333
A004,0.526
A005,0.648
A006,0.5513333333333333
